k,kZ,dbԍ,ܓx,ox
vU,Fs{sc1-1-20Ȗ،ɖ{2K,028-623-3765,36.565965,139.883526
sꌧk,s{1664-1s꒡ɓ,0289-64-9419,36.566104,139.742496
Fꌧk,^sr116-1F꒡ɓ,0285-82-5888,36.439652,140.018354
sꌧk,Ȗ؎s_c6-6s꒡ɓ,0282-24-5665,36.381256,139.743431
Rk,Rs3-1-1Rɓ,0285-22-9164,36.313838,139.826308
Jk,s20-22Jɓ,0287-43-2142,36.799381,139.924509
ߐ{k,cs{2-2828-4ߐ{ɓ,0287-23-1555,36.870197,140.007831
ߐ{k,ߐ{GRs1-6-92ߐ{ɓ,0287-83-1555,36.657222,140.147909
hk,sxĒ607hɓ,0283-24-2603,36.330682,139.581976
k,sɐ4-19ɓ,0284-42-9700,36.327472,139.460245
